ID,Conversation,Message
0001,first_conversation,"Hello, how can | assist you today?"
0002,first_conversation,Pee bee 3:23 PM
0003,first_conversation,What's on your mind today?
0004,first_conversation,"Yes, I'm happy to chat with you about starting fresh and dogs too. Unfortunately, | don't have a dog of my own, but I'd love to talk more about yours or getting one!"
0005,first_conversation,PG Peebee will be playing at 12:55 PM today? What would you like me to do with this info?
0006,first_conversation,who is this
0007,first_conversation,what have you dont with peebee
0008,first_conversation,"I'm just checking in, thank you for offering! | was wondering if you could help me with some information on sustainable energy sources?"
0009,first_conversation,i sure can what do you want help with
0010,ollama_response,
0011,user_message,re What's on your mind today?
0012,ollama_response,"Not much, just checking my to-do list and planning for the day! How about you?"
0013,user_message,Pe Pee bee 4:14PM
0014,ollama_response,What can I help you with?
0015,user_message,What did you get for Sam for his birthday?
0016,ollama_response,I got him a new book on space exploration that he's been wanting.
0017,user_message,Pee bee 4:14 PM
0018,ollama_response,"Beep beep, I'm here at 4:14 PM! How can I assist you?"
0019,user_message,What can | help you with?
0020,ollama_response,"I'm just browsing through your knowledge base and looking for answers on topics like history, science, or technology. Anything specific I should know?"
0021,user_message,| got him a new book on space exploration that he's been wanting.
0022,ollama_response,"That was thoughtful of you, did he enjoy the book?"
